{"count":1,"self":1469.71648,"total":9100.546824,"children":{"InitializeActuators":{"count":90160,"self":0.9383031,"total":0.9383031,"children":null},"InitializeSensors":{"count":90160,"self":0.44771289999999997,"total":0.44771289999999997,"children":null},"AgentSendState":{"count":1197817,"self":12.0411136,"total":282.3432062,"children":{"CollectObservations":{"count":10780371,"self":142.0685952,"total":142.06859169999998,"children":null},"WriteActionMask":{"count":10780371,"self":1.4756193,"total":1.4756193,"children":null},"RequestDecision":{"count":10780371,"self":11.054539199999999,"total":126.7578812,"children":{"AgentInfo.ToProto":{"count":10780371,"self":8.1172367999999988,"total":115.70334229999999,"children":{"GenerateSensorData":{"count":10780371,"self":107.58609919999999,"total":107.5861055,"children":null}}}}}}},"DecideAction":{"count":1197817,"self":7142.2484479999994,"total":7142.2483656999993,"children":null},"AgentAct":{"count":1197817,"self":203.41071359999998,"total":203.417723,"children":{"AgentInfo.ToProto":{"count":335,"self":0.0020009999999999997,"total":0.0020009999999999997,"children":{"GenerateSensorData":{"count":335,"self":0,"total":0,"children":null}}},"InitializeActuators":{"count":335,"self":0.0020009999999999997,"total":0.0020009999999999997,"children":null},"InitializeSensors":{"count":335,"self":0.0030012,"total":0.0030012,"children":null}}},"AgentInfo.ToProto":{"count":90133,"self":0.1912845,"total":1.434029,"children":{"GenerateSensorData":{"count":90133,"self":1.2427445,"total":1.2427445,"children":null}}}},"gauges":{"Quadruped.CumulativeReward":{"count":90468,"max":12.75433,"min":-7.238778,"runningAverage":-2.86812758,"value":-3.24739122,"weightedAverage":-2.83670759}},"metadata":{"timer_format_version":"0.1.0","start_time_seconds":"1708051760","unity_version":"2022.3.15f1","command_line_arguments":"C:\\Program Files\\Unity\\Hub\\Editor\\2022.3.15f1\\Editor\\Unity.exe -projectpath F:\\Quadruped Neural Network -useHub -hubIPC -cloudEnvironment production -licensingIpc LicenseClient-GaLM3iZFGfmamLHP0XBAy -hubSessionId 15d83f36-f6f9-4c4c-8eba-8f06bddec2f6 -accessToken aRuaKic4RDVosNQfBGC1MnarCynJFkz-BSP2o1RbcQE00ff","communication_protocol_version":"1.5.0","com.unity.ml-agents_version":"2.0.1","scene_name":"SampleScene","end_time_seconds":"1708060860"}}